[
    {
        "nome": "Espaço Camila Flores",
        "endereco": "R. José Godinho, 211 - Menezes, Cataguases - MG, 36774-128, Brazil",
        "telefone": "(32) 98703-1186",
        "site": null,
        "avaliacao": 5,
        "horario": []
    },
    {
        "nome": "Cêstas de café da manhã e mensagem ao vivo",
        "endereco": "R. Edgar Cunha, 91 - Jardim Bandeirantes I, Cataguases - MG, 36773-120, Brazil",
        "telefone": "(32) 99919-7676",
        "site": null,
        "avaliacao": 5,
        "horario": [
            "Monday: Open 24 hours",
            "Tuesday: Open 24 hours",
            "Wednesday: Open 24 hours",
            "Thursday: Open 24 hours",
            "Friday: Open 24 hours",
            "Saturday: Open 24 hours",
            "Sunday: Open 24 hours"
        ]
    },
    {
        "nome": "Bella Garden Árvores",
        "endereco": "Av. Sizenando Dutra de Siqueira, 22 - Popular, Cataguases - MG, 36774-770, Brazil",
        "telefone": "(32) 99817-0876",
        "site": null,
        "avaliacao": 5,
        "horario": [
            "Monday: Open 24 hours",
            "Tuesday: Open 24 hours",
            "Wednesday: Open 24 hours",
            "Thursday: Open 24 hours",
            "Friday: Open 24 hours",
            "Saturday: Open 24 hours",
            "Sunday: Closed"
        ]
    },
    {
        "nome": "Paraíso das Flores",
        "endereco": "R. Maria Gouvêia Ferraz, 12 - Paraíso, Cataguases - MG, 36772-154, Brazil",
        "telefone": "(32) 3421-2245",
        "site": null,
        "avaliacao": 5,
        "horario": [
            "Monday: 1:00 – 5:00 PM",
            "Tuesday: 9:00 AM – 5:00 PM",
            "Wednesday: 9:00 AM – 5:00 PM",
            "Thursday: 4:00 – 6:00 PM",
            "Friday: 4:00 – 6:00 PM",
            "Saturday: 8:00 AM – 1:00 PM",
            "Sunday: Closed"
        ]
    },
    {
        "nome": "Minas Plantas",
        "endereco": "R. Dr. Lôbo Filho, 127 - Centro, Cataguases - MG, 36770-006, Brazil",
        "telefone": "(32) 99932-0932",
        "site": null,
        "avaliacao": 4.8,
        "horario": [
            "Monday: 7:00 AM – 5:00 PM",
            "Tuesday: 7:00 AM – 5:00 PM",
            "Wednesday: 7:00 AM – 5:00 PM",
            "Thursday: 7:00 AM – 5:00 PM",
            "Friday: 7:00 AM – 5:00 PM",
            "Saturday: 7:00 AM – 3:00 PM",
            "Sunday: Closed"
        ]
    },
    {
        "nome": "Colibri Plantas",
        "endereco": "R. Alfredo Barroso, 72 - Centro, Cataguases - MG, 36770-052, Brazil",
        "telefone": "(32) 3202-2572",
        "site": null,
        "avaliacao": 4.6,
        "horario": [
            "Monday: 8:00 AM – 6:00 PM",
            "Tuesday: 8:00 AM – 6:00 PM",
            "Wednesday: 8:00 AM – 6:00 PM",
            "Thursday: 8:00 AM – 6:00 PM",
            "Friday: 8:00 AM – 6:00 PM",
            "Saturday: 8:00 AM – 1:00 PM",
            "Sunday: Closed"
        ]
    },
    {
        "nome": "Floricultura Oliveira & Silva",
        "endereco": "Av. Eponina Peixoto Ribeiro, 243 - Granjaria, Cataguases - MG, 36773-564, Brazil",
        "telefone": "(32) 3421-2108",
        "site": "https://instagram.com/floriculturaoliveiraesilva",
        "avaliacao": 4.5,
        "horario": [
            "Monday: 8:30 AM – 6:00 PM",
            "Tuesday: 8:00 AM – 6:00 PM",
            "Wednesday: 8:00 AM – 6:00 PM",
            "Thursday: 8:00 AM – 6:00 PM",
            "Friday: 8:00 AM – 6:00 PM",
            "Saturday: 8:00 AM – 12:00 PM",
            "Sunday: Closed"
        ]
    },
    {
        "nome": "Estação Flores",
        "endereco": "Praça Gov. Valadares, 169 - Loja 1 - Centro, Cataguases - MG, 36770-071, Brazil",
        "telefone": "(32) 99981-2653",
        "site": "https://www.instagram.com/estacao.flores/",
        "avaliacao": 4.3,
        "horario": [
            "Monday: 8:00 AM – 6:00 PM",
            "Tuesday: 8:00 AM – 6:00 PM",
            "Wednesday: 8:00 AM – 6:00 PM",
            "Thursday: 8:00 AM – 6:00 PM",
            "Friday: 8:00 AM – 6:00 PM",
            "Saturday: 8:00 AM – 12:00 PM",
            "Sunday: Closed"
        ]
    },
    {
        "nome": "Mundo verde mudas",
        "endereco": "R. Sadi Mendonça - Beira Rio, Cataguases - MG, 36772-034, Brazil",
        "telefone": "(32) 99832-7536",
        "site": null,
        "avaliacao": 3.4,
        "horario": [
            "Monday: 8:00 AM – 6:00 PM",
            "Tuesday: 8:00 AM – 6:00 PM",
            "Wednesday: 8:00 AM – 6:00 PM",
            "Thursday: 8:00 AM – 6:00 PM",
            "Friday: 8:00 AM – 6:00 PM",
            "Saturday: 8:00 AM – 2:00 PM",
            "Sunday: Closed"
        ]
    },
    {
        "nome": "JL Ecológico",
        "endereco": "R. Maj. Viêira, 129 - Centro, Cataguases - MG, 36770-066, Brazil",
        "telefone": "(32) 3202-0132",
        "site": null,
        "avaliacao": 1.8,
        "horario": [
            "Monday: 9:00 AM – 6:30 PM",
            "Tuesday: 9:00 AM – 6:30 PM",
            "Wednesday: 9:00 AM – 6:30 PM",
            "Thursday: 9:00 AM – 6:30 PM",
            "Friday: 9:00 AM – 6:30 PM",
            "Saturday: 9:00 AM – 1:00 PM",
            "Sunday: Closed"
        ]
    }
]